statistic,observed,ci_2.5,ci_97.5
pir,0.583556901793056,0.5351920470167375,0.6355151190343183
model_variance_pct,0.34,1.0610601184540456,4.000198211751825
