pair,expected,r_pearson,p_pearson,r_spearman,p_spearman,sign_match,n_models
Neuroticism <-> Neuroticism-Anxiety,positive,0.5557543529724003,0.016633869529373835,0.5973098496230013,0.008857872411121749,True,18
Extraversion <-> Sociability,positive,-0.031835877746022465,0.9002049432994088,-0.108611964874587,0.6679282843107341,False,18
Extraversion <-> Extraversion,positive,0.28366693167717144,0.25398480328888506,0.27977594198033034,0.2608378658399094,True,18
Neuroticism <-> Neuroticism,positive,0.3938293186061697,0.10586499469375667,0.3868681306911142,0.11274130269535486,True,18
Agreeableness <-> Machiavellianism,negative,-0.6930841576957002,0.0014276377663181273,-0.7056268120492579,0.001068890868088866,True,18
Agreeableness <-> Psychopathy,negative,-0.6785414214586596,0.0019632190664208146,-0.7179221747913272,0.0007934104254805308,True,18
Conscientiousness <-> Psychopathy,negative,-0.6196002421435326,0.006098066855279675,-0.6288239849304653,0.005182985787520247,True,18
Psychoticism <-> Psychopathy,positive,0.07616209484210228,0.7638972767328516,0.18798612993178238,0.45506431308323847,True,18
