pair,expected,r_pearson,p_pearson,r_spearman,p_spearman,sign_match,n_models
Neuroticism <-> Neuroticism-Anxiety,positive,0.5548211773589873,0.01685589980659794,0.5973098496230013,0.008857872411121749,True,18
Extraversion <-> Sociability,positive,-0.02751523024865907,0.9136971931996234,-0.0903215498829565,0.7215251992442189,False,18
Extraversion <-> Extraversion,positive,0.2855012817396211,0.25079364188805026,0.29783082079354867,0.2300020173072092,True,18
Neuroticism <-> Neuroticism,positive,0.3909647130741384,0.1086573276922133,0.3868681306911142,0.11274130269535486,True,18
Agreeableness <-> Machiavellianism,negative,-0.6682198670505428,0.0024362203672014327,-0.6738456330019005,0.0021679995962423392,True,18
Agreeableness <-> Psychopathy,negative,-0.7274256219426336,0.0006235717740950168,-0.7433767236804553,0.00040691907874256753,True,18
Conscientiousness <-> Psychopathy,negative,-0.6407354557510225,0.0041697511634553805,-0.645748277726306,0.0037948562024917574,True,18
Psychoticism <-> Psychopathy,positive,0.09472439041183944,0.7084992123154326,0.20518233866439897,0.4140631330756408,True,18
