domain,alpha_mean,alpha_std,n_items,n_models
Neuroticism,0.35408745919593343,0.3973687716210674,24,18
Extraversion,0.3601267374972653,0.451464440355516,24,18
Openness,0.0550090514091155,0.0928995269454879,24,18
Agreeableness,-0.01738861482936898,0.2299341310658728,24,18
Conscientiousness,0.18066301350207242,0.25754252097408625,24,18
