construct,mean_sign_match,mean_coherence,mean_abs_delta
Agreeableness_vs_Antagonism,0.7520325203252033,0.7839053906223469,0.8958478365209425
Conscientiousness_vs_Disinhibition,0.7304093567251462,0.7902146370974106,0.9283229362907406
Extraversion,0.8674768518518519,0.8815303458960033,1.0439464149658646
Neuroticism,0.7460992907801419,0.8495233010886521,1.1392108084033614
