scale,domain,chinese_mean,western_mean,cohens_d,t_stat,p_value
SD3,Machiavellianism,2.6222222222222222,2.347826086956522,0.19833607999813568,,
IPIP-NEO-120,Extraversion,3.016949152542373,2.8404255319148937,0.1587556064833709,,
IPIP-NEO-120,Openness,3.2742616033755274,3.0806451612903225,0.14642567640484114,,
SD3,Psychopathy,2.359550561797753,2.1641791044776117,0.12915107047325644,,
SD3,Narcissism,2.3555555555555556,2.25,0.10040565358893852,0.6291981465950135,0.5301166736892198
IPIP-NEO-120,Neuroticism,2.3305439330543933,2.213903743315508,0.08927129069644993,,
IPIP-NEO-120,Agreeableness,2.3813559322033897,2.3138297872340425,0.04696112551618936,,
IPIP-NEO-120,Conscientiousness,3.3781512605042017,3.3386243386243386,0.02810301306380537,,
