,Neuroticism,Extraversion,Openness,Agreeableness,Conscientiousness
F1,-0.47029438189006967,-0.34962876994260667,-0.3625529032631528,-0.2697612909046881,-0.08376323145762013
F2,0.004887346026846119,0.1663455608698082,0.1662685836131465,-0.0552970885344853,0.4075501888667065
F3,-0.007913354930250117,0.26091245051756073,0.017366702354248014,0.21589868915897578,-0.04266920036592906
F4,-0.06760169478299971,-0.09278992789736856,-0.013758486446977667,-0.07670991687081405,-0.1311842329120155
F5,0.058637443782158995,-0.23046257315866192,-0.005975676805330065,-0.12318169256372617,-0.10402617340855189
