held_persona,n_factors,first_eigenvalue
Default,3,6.974981814301633
ISTJ,3,6.917378538498488
ISFJ,3,6.469363271121269
INFJ,3,6.466633444589088
INTJ,3,7.076108105951448
ISTP,3,7.095299138654726
ISFP,3,6.6976680769478
INFP,3,6.730488519334616
INTP,3,7.110589350630405
ESTP,3,6.116387419572001
ESFP,3,6.793385194505026
ENFP,3,7.064212729537771
ENTP,3,6.290259276514927
ESTJ,3,7.092126690494315
ESFJ,3,7.1502330510216785
ENFJ,3,7.164038225740318
ENTJ,3,6.828821134465878
