statistic,observed,ci_2.5,ci_97.5,bootstrap_unit,n_bootstrap,seed
default_nearest_distance,0.8460443850064242,0.8009252539514413,0.8881609943332863,model,1000,42
target_empirical_cosine,0.8158665384115252,0.7743262797798802,0.8564134367459701,model,1000,42
cross_scale_coherence,0.826290996787269,0.8012859595218051,0.8505650606372078,model,1000,42
